NaN,NaN,False,False,0
NaN,NaN,False,False,0
NaN,NaN,False,False,0
NaN,NaN,False,False,0
NaN,NaN,False,False,0
0,0,False,False,0
0,0,False,False,0
23.57143,48.64286,False,False,0
25,48.5,False,False,0
330.381,31.38095,False,False,0
25,48.5,False,False,0
25,48.5,False,False,0
330.381,31.38095,False,False,0
330.381,31.38095,False,False,0
24.0303,48.66667,False,False,0
21.66667,49.66667,False,False,0
0,0,False,False,0
0,0,False,False,0
NaN,NaN,False,False,0
NaN,NaN,False,False,0
NaN,NaN,False,False,0
NaN,NaN,False,False,0
NaN,NaN,False,False,0
NaN,NaN,False,False,0
NaN,NaN,False,False,0
NaN,NaN,False,False,0
NaN,NaN,False,False,0
NaN,NaN,False,False,0
NaN,NaN,False,False,0
NaN,NaN,False,False,0
NaN,NaN,False,False,0
NaN,NaN,False,False,0
NaN,NaN,False,False,0
NaN,NaN,False,False,0
NaN,NaN,False,False,0
NaN,NaN,False,False,0
NaN,NaN,False,False,0
NaN,NaN,False,False,0
NaN,NaN,False,False,0
NaN,NaN,False,False,0
NaN,NaN,False,False,0
NaN,NaN,False,False,0
NaN,NaN,False,False,0
NaN,NaN,False,False,0
NaN,NaN,False,False,0
NaN,NaN,False,False,0
NaN,NaN,False,False,0
NaN,NaN,False,False,0
NaN,NaN,False,False,0
NaN,NaN,False,False,0
NaN,NaN,False,False,0
NaN,NaN,False,False,0
NaN,NaN,False,False,0
NaN,NaN,False,False,0
NaN,NaN,False,False,0
NaN,NaN,False,False,0
NaN,NaN,False,False,0
NaN,NaN,False,False,0
NaN,NaN,False,False,0
NaN,NaN,False,False,0
NaN,NaN,False,False,0
NaN,NaN,False,False,0
NaN,NaN,False,False,0
NaN,NaN,False,False,0
NaN,NaN,False,False,0
NaN,NaN,False,False,0
NaN,NaN,False,False,0
NaN,NaN,False,False,0
NaN,NaN,False,False,0
NaN,NaN,False,False,0
NaN,NaN,False,False,0
NaN,NaN,False,False,0
NaN,NaN,False,False,0
NaN,NaN,False,False,0
NaN,NaN,False,False,0
NaN,NaN,False,False,0
NaN,NaN,False,False,0
NaN,NaN,False,False,0
NaN,NaN,False,False,0
NaN,NaN,False,False,0
NaN,NaN,False,False,0
NaN,NaN,False,False,0
NaN,NaN,False,False,0
NaN,NaN,False,False,0
NaN,NaN,False,False,0
NaN,NaN,False,False,0
NaN,NaN,False,False,0
NaN,NaN,False,False,0
NaN,NaN,False,False,0
NaN,NaN,False,False,0
NaN,NaN,False,False,0
NaN,NaN,False,False,0
NaN,NaN,False,False,0
NaN,NaN,False,False,0
NaN,NaN,False,False,0
NaN,NaN,False,False,0
NaN,NaN,False,False,0
NaN,NaN,False,False,0
NaN,NaN,False,False,0
NaN,NaN,False,False,0
NaN,NaN,False,False,0
NaN,NaN,False,False,0
358.4307,41.87621,False,False,0
332.9138,35.73393,False,False,0
301.392,37.6848,False,False,0
275.772,43.53772,False,False,0
259.725,54.73279,False,False,0
234.7987,71.84002,False,False,0
218.8479,84.62899,False,False,0
208.4964,94.56184,False,False,0
201.6168,104.0955,False,False,0
196.4607,111.2621,False,False,0
317.8563,47.155,False,False,0
192.725,123.8322,False,False,0
191.5356,127.2247,False,False,0
190.9927,128.7953,False,False,0
192.0077,128.4459,False,False,0
197.9348,121.6461,False,False,0
227.571,101.7407,False,False,0
197.7192,123.6267,False,False,0
197.6643,124.9432,False,False,0
225.2531,107.6709,False,False,0
192.9629,132.9426,False,False,0
190.9967,136.9609,False,False,0
191.5894,140.2904,False,False,0
192.2949,142.7674,False,False,0
192.324,146.2107,False,False,0
192.761,150.8021,False,False,0
194.3961,153.474,False,False,0
197.7382,157.3773,False,False,0
200.766,161.7104,False,False,0
203.438,165.739,False,False,0
205.2071,169.4746,False,True,0
205.615,172.0238,False,True,0
206.7382,174.8449,False,True,0
207.7796,176.4385,False,True,0
207.929,176.852,False,True,0
207.24,176.3806,False,True,0
206.7177,175.8777,False,True,0
206.4754,175.8858,False,True,0
205.8332,175.3722,False,True,0
205.4489,175.2745,False,True,0
205.5226,175.3593,False,True,0
205.9871,175.9627,False,True,0
206.0231,175.6175,False,True,0
206.5313,176.114,False,True,0
206.8718,176.3998,False,True,0
207.4139,176.4841,False,True,0
207.7037,176.5385,False,True,0
207.3301,176.3421,False,True,0
206.8865,176.1291,False,True,0
206.5679,175.9276,False,True,0
206.1427,175.7853,False,True,0
205.4881,176.1859,False,True,0
206.0991,176.8469,False,True,0
207.4187,177.9582,False,True,0
207.341,177.8822,False,True,0
206.8965,177.5069,False,True,0
206.2398,176.9696,False,True,0
203.8801,175.6691,False,True,0
202.7068,174.7937,False,True,0
201.9762,174.8757,False,False,0
201.4075,174.9682,False,False,0
201.5921,175.1516,False,False,0
202.0041,175.5901,False,False,0
202.2617,175.8508,False,False,0
202.1431,175.8235,False,False,0
202.2143,175.7981,False,False,0
202.2418,175.7752,False,False,0
201.1011,175.0244,False,False,0
199.8758,174.2608,False,False,0
198.5831,173.682,False,False,0
197.7307,173.1105,False,False,0
197.3196,173.2648,False,False,0
196.9273,173.4879,False,False,0
196.5705,173.7389,False,False,0
196.2393,174.3006,False,False,0
196.0291,174.51,False,False,0
195.9283,174.6186,False,False,0
195.9562,174.6635,False,False,0
195.9191,174.6654,False,False,0
195.3387,174.4596,False,False,0
194.2844,173.7958,False,False,0
193.5249,173.064,False,False,0
193.4948,172.7739,False,False,0
193.3776,172.4144,False,False,0
192.9758,171.8728,False,False,0
192.1834,170.8813,False,False,0
191.3234,170.0299,False,False,0
190.9512,169.4878,False,False,0
190.8275,169.0259,False,False,0
190.78,168.8353,False,False,0
191.1836,168.7568,False,False,0
191.1059,168.4107,False,False,0
191.6318,168.2792,False,False,0
191.8549,167.7079,False,False,0
192.1048,167.6095,False,False,0
192.4956,167.6201,False,False,0
193.6138,167.8421,False,False,0
194.8575,168.7769,False,False,0
196.9747,170.0788,False,False,0
199.5147,170.6497,False,False,0
201.9241,170.0404,False,False,0
203.8006,168.8472,False,False,0
204.9688,168.3678,False,False,0
207.1692,167.1986,False,False,0
208.6766,167.9252,False,False,0
208.878,169.3739,False,False,0
209.4828,169.5177,False,False,0
211.1134,169.0087,False,False,0
212.905,168.3731,False,False,0
213.4232,167.8482,False,False,0
213.4232,167.8482,False,False,1
213.5137,167.4217,False,False,1
213.7472,166.5542,False,False,1
213.8689,166.3721,False,False,1
213.9081,166.0904,False,False,1
214.6343,164.3988,False,False,1
215.2508,162.8412,False,False,1
215.3018,162.2852,False,False,1
215.3018,162.2852,False,False,0
214.9865,162.3954,False,False,0
214.7284,162.5882,False,False,0
214.3787,162.46,False,False,0
214.5472,162.2051,False,False,0
214.2711,162.5182,False,False,0
214.5318,162.1407,False,False,0
214.4091,162.1222,False,False,0
214.2808,162.2148,False,False,0
214.2561,162.3032,False,False,0
214.1815,162.4193,False,False,0
214.0597,162.6178,False,False,0
214.0989,162.4619,False,False,0
214.2724,162.2389,False,False,0
214.1911,162.4944,False,False,0
214.199,162.4018,False,False,0
214.2386,162.2215,False,False,0
214.2215,162.3891,False,False,0
214.2271,162.4442,False,False,0
214.099,162.3507,False,False,0
214.0955,162.3646,False,False,0
214.1694,162.4776,False,False,0
214.0525,162.7199,False,False,0
213.8721,163.1277,False,False,0
213.739,163.3233,False,False,0
214.0203,163.0335,False,False,0
213.9753,162.9929,False,False,0
214.0474,162.8515,False,False,0
214.2511,162.7655,False,False,0
214.1578,163.0098,False,False,0
214.4611,163.124,False,False,0
214.6575,163.4544,False,False,0
214.4158,163.8432,False,False,0
214.174,164.2752,False,False,0
213.6146,164.8861,False,False,0
212.7128,166.1313,False,False,0
211.5693,168.1734,False,False,0
210.4104,171.2428,False,False,0
209.7454,174.3936,False,False,0
209.4038,177.1176,False,False,0
209.3731,178.922,False,False,0
208.7531,179.8872,False,False,0
207.476,180.46,False,False,0
206.8435,180.9307,False,False,0
205.909,181.6467,False,False,0
205.1138,181.8512,False,False,0
204.4185,182.0544,False,False,0
203.2736,181.9162,False,False,0
202.3489,181.6587,False,False,0
202.0265,181.7116,False,False,0
201.9858,182.3915,False,False,0
202.1805,181.9603,False,False,0
202.3334,182.024,False,False,0
202.5942,181.8008,False,False,0
202.4659,182.0076,False,False,0
202.5304,181.2198,False,False,0
202.156,180.5486,False,False,0
202.1086,180.3163,False,False,0
201.9586,179.8699,False,False,0
202.7045,180.9626,False,False,0
203.6655,182.7277,False,False,0
204.1458,183.666,False,False,0
204.4933,184.0566,False,False,0
204.4555,184.1288,False,False,0
204.2734,184.1507,False,False,0
204.3427,183.8346,False,False,0
204.0978,183.9904,False,False,0
203.5923,183.6005,False,False,0
203.5006,182.9809,False,False,0
203.2682,182.8354,False,False,0
202.8705,183.0515,False,False,0
202.8273,182.2562,False,False,0
202.5133,181.9977,False,False,0
201.6908,181.5881,False,False,0
200.8232,180.937,False,False,0
200.1327,181.209,False,False,0
198.9001,181.477,False,False,0
197.6928,181.5861,False,False,0
196.4248,182.0158,False,False,0
195.2229,181.6126,False,False,0
194.7579,180.9871,False,False,0
195.2471,180.3201,False,False,0
195.7745,179.2131,False,False,0
196.0634,178.5619,False,False,0
196.6328,178.392,False,False,0
197.5746,178.1525,False,False,0
199.0449,177.7488,False,False,0
200.0579,178.709,False,False,0
200.7736,180.4034,False,False,0
201.6775,181.0114,False,False,0
201.9961,181.2116,False,False,0
201.407,181.7426,False,False,0
200.9151,182.2393,False,False,0
200.3823,182.2693,False,False,0
200.0444,182.5164,False,False,0
199.6333,182.1473,False,False,0
199.5494,182.4184,False,False,0
198.9356,182.7517,False,False,0
198.2843,182.5858,False,False,0
197.9851,182.476,False,False,0
197.6502,182.266,False,False,0
197.1965,182.4214,False,False,0
197.127,182.3354,False,False,0
197.4201,182.3591,False,False,0
197.2275,182.3773,False,False,0
197.1793,182.1025,False,False,0
197.4691,182.1176,False,False,0
197.7558,181.9995,False,False,0
197.8557,181.7489,False,False,0
197.4755,181.5064,False,False,0
197.4427,181.4335,False,False,0
197.4369,181.4925,False,False,0
197.4714,181.5657,False,False,0
197.4358,181.6239,False,False,0
197.2685,181.6043,False,False,0
197.4366,181.7095,False,False,0
197.5517,181.6826,False,False,0
197.4187,181.6116,False,False,0
197.2945,181.5865,False,False,0
197.591,181.7182,False,False,0
197.5367,181.6026,False,False,0
197.3765,181.5674,False,False,0
197.5823,181.5942,False,False,0
197.6351,181.5793,False,False,0
197.5589,181.4348,False,False,0
197.4277,181.2814,False,False,0
197.2212,181.0354,False,False,0
196.8049,180.8175,False,False,0
196.5859,180.6296,False,False,0
196.0536,180.3723,False,False,0
195.5089,180.3239,False,False,0
195.7531,180.3005,False,False,0
195.7574,180.3787,False,False,0
196.352,180.5781,False,False,0
198.0367,180.8546,False,False,0
201.0924,181.093,False,False,0
203.8988,181.0287,False,False,0
206.1775,179.7811,False,False,0
207.8399,178.0852,False,False,0
208.3912,178.3447,False,False,0
208.1504,179.2447,False,False,0
206.987,180.1788,False,False,0
206.4945,181.038,False,False,0
206.0279,181.4706,False,False,0
204.7399,181.4,False,False,0
204.5739,180.0613,False,False,0
204.6592,179.265,False,False,0
204.4996,178.1523,False,False,0
205.2348,177.0164,False,False,0
206.8396,177.2201,False,False,0
208.2675,178.272,False,False,0
209.8515,179.8524,False,False,0
211.5901,181.5635,False,False,0
212.9542,183.3934,False,False,0
214.5563,185.3706,False,False,0
216.4718,187.6982,False,True,0
216.7092,190.2336,False,True,0
216.4495,192.1301,False,True,0
217.5733,193.9494,False,True,0
219.0881,194.8423,False,True,0
220.3894,194.9887,False,True,0
221.0916,194.9516,False,True,0
221.6665,195.2639,False,True,0
222.9215,195.87,False,True,0
224.1178,197.0762,False,True,0
224.3522,199.3533,False,True,0
223.4902,200.9118,False,True,0
223.3238,201.434,False,True,0
223.5821,201.6555,False,True,0
224.1705,201.7488,False,True,0
224.5752,202.2013,False,True,0
225.4656,203.0062,False,True,0
227.3037,202.68,False,True,0
228.765,201.1231,False,True,0
230.5675,199.6668,False,True,0
232.752,198.5509,False,True,0
233.7948,197.7265,False,True,0
234.2942,197.104,False,True,0
234.6235,196.5522,False,True,0
234.9154,196.1484,False,True,0
234.8531,195.8187,False,True,0
235.7816,195.6755,False,True,0
236.1281,195.4967,False,True,0
236.371,195.2277,False,True,0
237.1918,194.6051,False,True,0
237.3393,193.8631,False,True,0
236.7487,193.0084,False,True,0
236.7275,192.2939,False,True,0
235.6033,191.8019,False,True,0
235.3751,191.4515,False,True,0
235.8064,191.6534,False,True,0
235.6198,191.2539,False,True,0
236.5067,190.3651,False,True,0
237.4217,189.9885,False,True,0
238.1641,190.0045,False,True,0
237.7702,190.1943,False,True,0
237.8497,190.2747,False,True,0
237.9997,190.7658,False,True,0
238.3465,191.3112,False,True,0
238.4092,191.6153,False,True,0
238.3812,192.0158,False,True,0
238.1878,192.3809,False,True,0
238.0844,192.5902,False,True,0
238.3137,192.9318,False,True,0
238.4689,193.3066,False,True,0
239.3539,193.2143,False,True,0
239.9569,192.7921,False,True,0
239.853,192.8736,False,True,0
239.6782,192.885,False,True,0
239.3777,193.0963,False,True,0
239.656,193.4273,False,True,0
237.6507,194.1386,False,True,0
235.5678,195.1539,False,True,0
230.4698,196.8298,False,True,0
224.4315,198.7445,False,True,0
217.3941,199.2631,False,True,0
212.0712,199.4564,False,True,0
210.1555,199.1,False,False,0
210.2759,197.8606,False,False,0
210.8803,196.5957,False,False,0
211.0361,195.5297,False,False,0
211.2903,194.4562,False,False,0
211.5202,193.7273,False,False,0
211.419,193.5267,False,False,0
211.4883,192.7577,False,False,0
211.8312,192.5191,False,False,0
212.1199,191.9957,False,False,0
212.0892,191.9662,False,False,0
212.2512,191.8723,False,False,0
212.3553,192.136,False,False,0
212.9221,191.5114,False,False,0
213.1103,191.4823,False,False,0
213.2714,191.178,False,False,0
213.3057,191.0187,False,False,0
213.338,191.0655,False,False,0
213.1647,191.2744,False,False,0
213.144,191.3697,False,False,0
213.112,191.5117,False,False,0
213.2045,191.3567,False,False,0
213.2522,191.1577,False,False,0
213.2271,191.1277,False,False,0
213.2743,190.9886,False,False,0
213.3836,190.7768,False,False,0
213.3976,190.7872,False,False,0
213.316,190.9556,False,False,0
213.4774,190.7648,False,False,0
213.5006,190.7427,False,False,0
213.4439,190.7816,False,False,0
213.5793,190.212,False,False,0
213.5229,190.0764,False,False,0
213.4386,190.214,False,False,0
213.3244,190.1778,False,False,0
213.3254,190.1828,False,False,0
213.3338,190.188,False,False,0
213.2417,190.3279,False,False,0
213.2095,190.4004,False,False,0
213.2462,190.3294,False,False,0
213.3149,190.2302,False,False,0
213.2028,190.2799,False,False,0
213.071,190.4845,False,False,0
213.1029,190.4739,False,False,0
213.174,190.3553,False,False,0
213.1311,190.3113,False,False,0
213.1103,190.3916,False,False,0
213.0981,190.3792,False,False,0
213.069,190.401,False,False,0
213.2172,190.3092,False,False,0
213.0867,190.4057,False,False,0
212.9863,190.4115,False,False,0
213.2349,190.048,False,False,0
213.208,189.8893,False,False,0
213.1983,189.52,False,False,0
213.2342,189.146,False,False,0
212.9319,189.1122,False,False,0
212.5703,188.8418,False,False,0
212.4902,188.3417,False,False,0
212.5302,187.5204,False,False,0
212.8973,186.7245,False,False,0
213.8416,186.0117,False,False,0
214.9371,186.3596,False,False,0
215.6707,186.7965,False,False,0
215.9784,186.5681,False,False,0
215.92,186.4367,False,False,0
215.7442,185.9622,False,False,0
215.7258,185.5807,False,False,0
215.1983,185.9918,False,False,0
214.6619,186.4264,False,False,0
214.2692,186.7518,False,False,0
214.0048,187.1968,False,False,0
212.9142,189.0764,False,False,0
211.9316,191.0747,False,False,0
211.1089,193.0222,False,False,0
210.297,194.7453,False,False,0
209.842,195.0925,False,False,0
209.0632,194.6598,False,False,0
208.2221,194.4853,False,False,0
207.4712,194.4117,False,False,0
207.0455,194.3185,False,False,0
206.9038,194.4129,False,False,0
207.0277,194.4426,False,False,0
206.7758,194.117,False,False,0
206.6972,193.9481,False,False,0
206.4295,193.7238,False,False,0
206.1247,193.4935,False,False,0
206.0089,193.5624,False,False,0
206.2446,193.543,False,False,0
206.2627,193.6002,False,False,0
206.1431,193.5118,False,False,0
206.1963,193.6585,False,False,0
206.5505,193.9896,False,False,0
206.9026,194.608,False,False,0
207.0779,194.79,False,False,0
206.959,194.796,False,False,0
206.3433,194.4949,False,False,0
206.1419,194.6476,False,False,0
205.9228,194.482,False,False,0
205.4235,194.1328,False,False,0
204.9451,194.0073,False,False,0
204.4504,193.6625,False,False,0
203.3121,193.0395,False,False,0
202.3838,192.603,False,False,0
201.5693,192.2792,False,False,0
200.6257,191.7691,False,False,0
199.6266,190.9482,False,False,0
198.0944,190.3612,False,False,0
195.9599,188.9232,False,False,0
192.4091,186.4132,False,False,0
189.5786,182.6384,False,False,0
185.7395,178.7641,False,False,0
181.3578,175.8924,False,False,0
176.7554,173.1794,False,False,0
171.6134,171.5704,False,False,0
166.4719,169.9941,False,False,0
162.6482,167.8147,False,False,0
159.5481,164.061,False,False,0
156.6393,159.3871,False,False,0
154.0109,155.1201,False,False,0
151.1475,152.3973,False,False,0
148.5052,151.5659,False,False,0
146.5241,150.9701,False,False,0
145.4582,150.3522,False,False,0
143.4705,148.2847,True,False,0
141.6935,146.594,True,False,0
140.1463,144.4629,True,False,0
139.4813,141.283,True,False,0
139.7958,138.8275,True,False,0
139.0916,136.264,True,False,0
138.0149,134.9712,True,False,0
137.1001,134.7605,True,False,0
136.2573,133.9517,True,False,0
135.1974,132.0919,True,False,0
135.3169,129.7927,True,False,0
137.3519,127.7264,True,False,0
139.4354,126.5379,True,False,0
140.9181,126.0223,True,False,0
141.7175,124.8643,False,False,0
142.0043,123.0625,False,False,0
141.2984,121.5078,False,False,0
140.7868,120.2513,False,False,0
140.8496,118.8977,False,False,0
140.7296,115.9244,False,False,0
140.1779,111.962,False,False,0
139.5972,108.3877,False,False,0
138.888,105.9506,True,False,0
138.5963,102.7909,True,False,0
139.4201,99.91349,True,False,0
140.571,97.60724,True,False,0
140.5615,96.06023,False,False,0
139.8464,96.62064,True,False,0
139.344,97.63259,True,False,0
139.103,99.89053,True,False,0
139.0196,101.5887,True,False,0
138.7784,102.2679,True,False,0
138.5587,102.6533,True,False,0
138.1208,102.5809,True,False,0
138.0522,102.0728,True,False,0
137.6937,101.5433,True,False,0
137.2734,100.8047,True,False,0
137.1127,100.2699,True,False,0
137.1575,100.2702,True,False,0
137.016,99.90632,True,False,0
137.0113,99.15978,True,False,0
137.0375,99.55087,True,False,0
137.1017,99.39205,True,False,0
137.0676,99.15582,True,False,0
136.9811,99.07668,True,False,0
137.1269,99.62559,True,False,0
137.122,99.43774,True,False,0
136.9968,99.41064,True,False,0
137.0421,99.25128,True,False,0
137.3635,99.22983,True,False,0
137.7425,99.11896,True,False,0
137.8266,99.17226,True,False,0
138.1097,99.19018,True,False,0
138.286,99.45881,True,False,0
138.0724,99.38595,True,False,0
138.1522,99.75187,True,False,0
138.4432,99.95761,True,False,0
138.6264,100.3782,True,False,0
138.9128,100.1582,True,False,0
139.1765,100.6114,True,False,0
139.3979,101.3343,True,False,0
139.4584,100.9993,True,False,0
139.2293,100.8246,True,False,0
139.1776,101.0945,True,False,0
139.1502,101.2061,True,False,0
139.0862,101.0777,True,False,0
138.9568,101.0124,True,False,0
138.9509,101.1814,True,False,0
138.9811,101.309,True,False,0
138.896,101.4154,True,False,0
138.8842,101.734,True,False,0
138.9043,102.0211,True,False,0
138.6525,101.8053,True,False,0
138.7301,101.8872,True,False,0
138.7833,101.6583,True,False,0
138.7244,101.956,True,False,0
138.5915,101.9756,True,False,0
138.5792,101.8344,True,False,0
138.5575,101.8128,True,False,0
138.7584,102.176,True,False,0
138.8756,102.2892,True,False,0
138.8744,102.4152,True,False,0
138.7949,102.5745,True,False,0
138.3706,102.6568,True,False,0
137.6543,101.7147,True,False,0
136.6965,99.70777,True,False,0
136.0132,97.76221,True,False,0
135.3962,95.16598,True,False,0
134.6911,93.344,True,False,0
133.9626,91.50063,True,False,0
133.4329,90.98019,True,False,0
133.1406,90.47822,True,False,0
132.9914,90.75666,True,False,0
132.8188,89.99553,True,False,0
132.7911,89.98582,True,False,0
133.3712,90.40163,True,False,0
133.4635,90.68782,True,False,0
133.15,90.51755,True,False,0
133.1158,90.5443,True,False,0
133.0713,90.40755,True,False,0
133.0067,90.19396,True,False,0
132.7273,89.17775,True,False,0
132.5575,88.26625,True,False,0
131.9694,86.92855,True,False,0
130.8778,85.38809,True,False,0
129.8309,83.38037,True,False,0
129.4782,81.65385,True,False,0
130.1144,80.48927,True,False,0
130.6332,79.32944,True,False,0
130.1296,77.992,True,False,0
129.2925,77.4198,True,False,0
128.5131,78.3458,True,False,0
128.1926,79.44915,True,False,0
128.564,80.69482,True,False,0
129.0359,81.36696,True,False,0
129.8021,82.52726,True,False,0
129.9812,81.94038,True,False,0
129.8779,81.86699,True,False,0
129.5705,82.38084,True,False,0
127.8,82.45367,True,False,0
127.2413,82.60594,True,False,0
128.1969,83.07754,True,False,0
128.9589,84.16709,True,False,0
129.2929,84.74408,True,False,0
129.7949,85.15456,True,False,0
130.4168,85.91009,True,False,0
130.5159,86.05634,True,False,0
130.8081,86.79522,True,False,0
130.8775,87.38895,True,False,0
130.6403,86.953,True,False,0
130.5681,86.70019,True,False,0
130.1165,86.35892,True,False,0
129.5541,85.44486,True,False,0
129.2105,85.18916,True,False,0
129.2183,84.52349,True,False,0
128.9992,84.04385,True,False,0
127.4904,82.8633,True,False,0
126.3333,82.5988,True,False,0
125.8732,82.40759,True,False,0
125.5372,82.38821,True,False,0
125.4984,82.21182,True,False,0
125.5674,81.85052,True,False,0
125.7569,81.76108,True,False,0
125.5604,80.94411,True,False,0
125.6919,80.91269,True,False,0
125.5428,80.41464,True,False,0
125.306,80.12491,True,False,0
125.8097,80.68298,True,False,0
125.8144,80.5696,True,False,0
126.1112,80.86123,True,False,0
126.5303,82.12419,True,False,0
126.6543,81.72717,True,False,0
127.0816,82.40738,True,False,0
127.8052,83.19513,True,False,0
129.8222,83.97553,True,False,0
132.2848,86.33173,True,False,0
134.1867,89.45642,True,False,0
135.5957,93.89473,True,False,0
136.08,95.93153,True,False,0
136.7663,96.90346,True,False,0
137.7021,98.02279,True,False,0
138.1985,99.11408,True,False,0
139.3287,101.7967,True,False,0
141.1443,102.7736,True,False,0
142.7645,103.4422,True,False,0
143.6544,102.8805,True,False,0
143.9216,102.0032,True,False,0
144.2204,101.8251,True,False,0
144.0406,101.2876,True,False,0
143.7628,100.4158,True,False,0
144.0631,100.3094,True,False,0
144.7632,100.816,True,False,0
144.884,100.3882,True,False,0
145.206,100.8882,True,False,0
145.4542,101.5525,True,False,0
145.2579,101.7559,True,False,0
144.8915,101.9614,True,False,0
144.9774,102.3763,True,False,0
145.0038,102.5163,True,False,0
144.9446,102.474,True,False,0
145.0312,102.5352,True,False,0
144.8818,102.3909,True,False,0
144.8346,102.2606,True,False,0
144.8338,102.2322,True,False,0
144.696,102.0585,True,False,0
144.5357,102.1213,True,False,0
144.5407,102.541,True,False,0
144.2091,102.8745,True,False,0
143.7764,103.0731,True,False,0
143.3467,103.585,True,False,0
142.8866,103.9892,True,False,0
142.3856,104.4409,True,False,0
142.584,105.0105,True,False,0
142.5011,105.4484,True,False,0
142.1086,105.5635,True,False,0
141.6649,105.836,True,False,0
141.4679,106.0872,True,False,0
141.2942,106.1685,True,False,0
141.2736,106.159,True,False,0
141.3639,106.2493,True,False,0
141.2905,106.1196,True,False,0
140.979,106.3539,True,False,0
140.5476,106.4366,True,False,0
140.4488,106.454,True,False,0
140.4513,106.5067,True,False,0
140.3124,106.431,True,False,0
140.4984,106.3987,True,False,0
140.6668,106.4661,True,False,0
140.7005,106.4276,True,False,0
140.5846,106.4025,True,False,0
140.3281,106.324,True,False,0
140.2433,106.3186,True,False,0
140.1668,106.2948,True,False,0
139.9326,106.0949,True,False,0
139.9122,106.12,True,False,0
139.7998,105.9382,True,False,0
139.9099,105.8692,True,False,0
139.9364,105.8457,True,False,0
139.8471,105.6288,True,False,0
139.8318,105.6957,True,False,0
139.8281,105.5378,True,False,0
139.9024,105.4551,True,False,0
140.3233,105.5179,True,False,0
140.7376,105.655,True,False,0
141.6244,105.4731,True,False,0
142.5143,105.0863,True,False,0
143.2063,105.2438,True,False,0
144.4914,105.2412,True,False,0
145.6978,105.1023,True,False,0
146.7762,104.5517,True,False,0
147.1769,104.313,True,False,0
146.5706,104.224,True,False,0
145.4493,103.6956,True,False,0
144.0509,102.8916,True,False,0
143.0381,102.0487,True,False,0
142.3849,101.1969,True,False,0
141.8264,100.552,True,False,0
141.6587,100.4729,True,False,0
141.6911,100.6073,True,False,0
141.83,100.7958,True,False,0
142.3417,101.5645,True,False,0
142.67,102.0549,True,False,0
143.1125,102.6563,True,False,0
143.0933,103.0661,True,False,0
143.1464,103.2307,True,False,0
142.9643,102.7838,True,False,0
142.359,101.8817,True,False,0
141.5392,101.3792,True,False,0
140.7076,100.866,True,False,0
139.8776,100.3222,True,False,0
140.0131,101.0191,True,False,0
140.4583,101.482,True,False,0
140.6004,101.2674,True,False,0
140.4906,101.4052,True,False,0
140.4531,101.255,True,False,0
140.0666,100.6501,True,False,0
139.3051,99.97942,True,False,0
138.7821,99.87889,True,False,0
138.5542,99.89446,True,False,0
138.164,99.40063,True,False,0
138.2378,99.21438,True,False,0
138.2852,99.24761,True,False,0
138.3868,99.37664,True,False,0
138.5153,99.46101,True,False,0
138.4766,99.29285,True,False,0
138.5897,99.52605,True,False,0
138.5935,99.57283,True,False,0
138.6401,99.55969,True,False,0
138.5882,99.40353,True,False,0
138.588,99.46413,True,False,0
138.5755,99.54329,True,False,0
138.5213,99.40275,True,False,0
138.5249,99.50725,True,False,0
138.5027,99.26741,True,False,0
138.508,99.31368,True,False,0
138.542,99.4381,True,False,0
138.7249,100.0297,True,False,0
138.7865,100.5979,True,False,0
138.9377,100.973,True,False,0
139.1533,101.7795,True,False,0
139.2321,102.0726,True,False,0
139.1994,101.8447,True,False,0
138.6437,100.2906,True,False,0
138.3443,99.30678,True,False,0
137.662,98.41844,True,False,0
137.35,97.67098,True,False,0
137.3455,97.46868,True,False,0
137.3222,97.19709,True,False,0
137.5798,97.06337,True,False,0
137.6838,96.95587,True,False,0
137.5309,96.32565,True,False,0
137.3279,95.9135,True,False,0
137.3309,95.76115,True,False,0
137.2397,95.36149,True,False,0
137.2226,95.08398,True,False,0
137.2356,94.81881,True,False,0
137.4072,95.04656,True,False,0
137.5396,95.36434,True,False,0
137.6058,95.12273,True,False,0
137.551,95.00391,True,False,0
137.5798,94.92858,True,False,0
137.8006,95.24809,True,False,0
138.0185,95.44349,True,False,0
138.5494,96.55553,True,False,0
139.0241,97.41752,True,False,0
139.1579,97.99218,True,False,0
139.1008,98.15046,True,False,0
139.0177,98.18242,True,False,0
138.926,98.44921,True,False,0
138.8089,98.43006,True,False,0
138.8423,98.27331,True,False,0
138.8429,98.34047,True,False,0
138.8967,98.32851,True,False,0
138.9725,98.12601,True,False,0
139.0182,98.31295,True,False,0
139.1147,98.48387,True,False,0
139.1132,98.24129,True,False,0
139.0005,98.02612,True,False,0
138.9311,98.07649,True,False,0
138.9096,98.13602,True,False,0
138.8773,98.11912,True,False,0
138.8001,98.12811,True,False,0
138.9682,98.3103,True,False,0
139.3369,100.2231,True,False,0
139.9359,101.9813,True,False,0
140.4358,103.4592,True,False,0
140.8705,104.1987,True,False,0
141.0855,104.4759,True,False,0
141.1067,104.4037,True,False,0
141.0767,103.935,True,False,0
141.4949,104.6295,True,False,0
142.1706,105.6852,True,False,0
142.9598,106.3044,True,False,0
143.4502,106.4123,True,False,0
142.6083,106.3651,True,False,0
141.85,105.9894,True,False,0
140.7406,105.1814,True,False,0
139.267,104.7004,True,False,0
138.7712,105.5735,True,False,0
137.9662,108.2159,True,False,0
137.9839,110.2732,True,False,0
139.2379,111.5468,True,False,0
140.0242,112.2717,True,False,0
140.2535,112.9257,True,False,0
140.4048,113.1811,True,False,0
140.9964,113.7634,True,False,0
141.3664,114.332,True,False,0
141.6073,115.1437,True,False,0
142.0409,115.4572,True,False,0
141.9593,115.7235,True,False,0
142.1998,116.0795,True,False,0
142.5319,116.7686,True,False,0
143.0557,118.0239,True,False,0
143.7287,118.8931,True,False,0
144.1746,120.3326,True,False,0
144.5586,120.679,True,False,0
144.6953,121.2636,True,False,0
144.6768,122.3382,True,False,0
144.5786,123.1407,True,False,0
144.3861,123.1164,True,False,0
145.792,123.4173,True,False,0
146.3191,123.9973,False,False,0
146.4361,125.0048,False,False,0
145.2934,125.8037,True,False,0
143.9691,126.2913,True,False,0
143.0919,126.4636,True,False,0
142.7256,126.6817,True,False,0
142.3945,126.721,True,False,0
142.0877,126.6583,True,False,0
141.8632,126.5309,True,False,0
141.8438,126.5844,True,False,0
141.8033,126.4649,True,False,0
141.7935,126.4448,True,False,0
141.9723,126.7518,True,False,0
141.9257,126.612,True,False,0
142.002,126.3948,True,False,0
142.2255,126.5603,True,False,0
142.2579,126.7362,True,False,0
142.2312,126.5801,True,False,0
142.4365,126.5802,True,False,0
142.4905,126.6635,True,False,0
142.5131,126.6073,True,False,0
142.5965,126.5023,True,False,0
142.6351,126.4201,True,False,0
142.7122,126.3577,True,False,0
142.7071,126.454,True,False,0
142.6857,126.5584,True,False,0
142.6898,126.5947,True,False,0
142.8973,126.6522,True,False,0
142.9485,126.6865,True,False,0
143.097,126.6918,True,False,0
143.2969,126.9789,True,False,0
143.5531,127.5221,True,False,0
143.7699,128.0732,True,False,0
144.1528,128.7738,True,False,0
144.2568,129.3493,True,False,0
143.8852,129.2681,True,False,0
143.8339,129.035,True,False,0
143.7427,128.9235,True,False,0
143.6301,128.3452,True,False,0
143.7912,128.2909,True,False,0
143.8864,128.8776,True,False,0
143.8986,128.8914,True,False,0
143.9104,128.7243,True,False,0
144.0763,129.1549,True,False,0
143.9731,129.1676,True,False,0
143.9639,128.9852,True,False,0
144.0281,129.2161,True,False,0
144.1792,129.2111,True,False,0
144.4854,129.0546,True,False,0
145.5314,129.0321,True,False,0
146.4474,128.3398,True,False,0
147.8932,127.8131,True,False,0
149.4728,128.085,True,False,0
150.2338,128.5541,True,False,0
150.2812,128.7016,True,False,0
150.4777,128.8927,True,False,0
150.3683,128.6816,True,False,0
150.408,128.7178,True,False,0
150.5637,128.8745,True,False,0
150.504,128.8109,True,False,0
150.3877,128.7211,True,False,0
150.4739,128.7853,True,False,0
150.5486,128.8501,True,False,0
150.4604,128.7826,True,False,0
150.552,128.853,True,False,0
150.5007,128.8199,True,False,0
150.4829,128.7919,True,False,0
150.5634,128.8132,True,False,0
150.5896,128.8533,True,False,0
150.5084,128.6335,True,False,0
150.6391,128.8084,True,False,0
150.6943,128.8697,True,False,0
150.6536,128.8599,True,False,0
150.6231,128.7592,True,False,0
150.5857,128.749,True,False,0
150.643,128.7852,True,False,0
150.606,128.7507,True,False,0
150.6669,128.8298,True,False,0
150.6087,128.7643,True,False,0
150.6375,128.7244,True,False,0
150.7445,128.797,True,False,0
150.6919,128.8135,True,False,0
150.6189,128.7514,True,False,0
150.6947,128.8454,True,False,0
150.7031,128.7569,True,False,0
150.6129,128.6726,True,False,0
150.7711,128.857,True,False,0
150.5824,128.7066,True,False,0
150.5309,128.6747,True,False,0
150.6846,128.7403,True,False,0
150.663,128.6755,True,False,0
150.7042,128.7662,True,False,0
150.7014,128.7327,True,False,0
150.7491,128.5231,True,False,0
150.5476,128.2722,True,False,0
150.6714,128.0789,True,False,0
150.9302,127.8528,True,False,0
151.2598,127.6758,True,False,0
151.6805,127.9347,True,False,0
151.7645,127.9689,True,False,0
151.8478,128.0008,True,False,0
152.1005,128.0941,True,False,0
151.9775,128.1473,True,False,0
151.8783,127.9777,True,False,0
152.0566,128.0765,True,False,0
152.171,128.2399,True,False,0
151.9025,128.0968,True,False,0
152.0366,128.2063,False,False,0
152.0531,128.2441,False,False,0
151.9979,128.1292,True,False,0
152.0187,128.144,True,False,0
152.08,128.2396,False,False,0
151.9006,128.087,True,False,0
152.0079,128.1696,False,False,0
152.1728,128.2566,False,False,0
152.0787,128.206,True,False,0
152.0568,128.1862,False,False,0
152.1681,128.2977,False,False,0
151.9078,128.0759,True,False,0
151.6965,128.1284,True,False,0
151.3575,127.9075,False,False,0
150.1362,126.7554,True,False,0
149.3547,126.3969,True,False,0
148.8217,126.2707,True,False,0
148.5706,126.2379,True,False,0
147.9626,125.5828,True,False,0
147.4872,125.1065,True,False,0
146.3093,124.831,True,False,0
145.6168,125.0791,True,False,0
145.198,125.2078,True,False,0
144.8039,125.4543,True,False,0
144.5919,125.5486,True,False,0
144.7361,125.8063,True,False,0
144.7749,125.8746,True,False,0
144.7265,125.8516,True,False,0
144.8556,126.1828,True,False,0
144.8012,126.1088,True,False,0
144.7968,125.8538,True,False,0
144.9006,126.1407,True,False,0
144.9696,126.3279,True,False,0
144.9155,126.1932,True,False,0
145.0152,126.1636,True,False,0
145.0413,126.31,True,False,0
144.9537,126.2331,True,False,0
145.0292,126.3628,True,False,0
145.0916,126.3777,True,False,0
145.0168,126.1725,True,False,0
145.1078,126.2443,True,False,0
145.141,126.3895,True,False,0
145.0382,126.1595,True,False,0
145.1577,126.2565,True,False,0
145.241,126.3528,True,False,0
145.2069,126.3256,True,False,0
145.2345,126.2627,True,False,0
145.2497,126.4212,True,False,0
145.1955,126.3303,True,False,0
145.1142,126.2407,True,False,0
145.2706,126.4924,False,False,0
145.2216,126.3292,True,False,0
145.2107,126.2589,True,False,0
145.2286,126.3961,True,False,0
145.2204,126.4363,True,False,0
144.6687,126.4366,True,False,0
143.5746,127.1304,False,False,0
142.5024,127.6608,False,False,0
141.059,129.1601,False,False,0
140.4859,130.6404,False,False,0
140.4834,131.0436,False,False,0
140.5106,131.1132,False,False,0
140.4823,131.8967,False,False,0
140.8697,132.4937,False,False,0
141.2358,132.3256,False,False,0
140.7133,132.0202,False,False,0
139.2924,131.7373,False,False,0
137.5944,131.4943,False,False,0
135.7039,131.6508,True,False,0
133.1625,131.8732,True,False,0
132.398,131.7905,True,False,0
132.0282,132.1918,True,False,0
133.012,131.9191,True,False,0
133.5523,132.1513,True,False,0
134.2668,132.4523,True,False,0
133.4839,132.5216,True,False,0
132.5456,132.2055,True,False,0
132.4007,132.1401,True,False,0
132.8508,132.2176,True,False,0
132.8034,132.2129,True,False,0
132.6985,132.2382,True,False,0
133.0988,132.1768,True,False,0
132.6839,132.3392,True,False,0
132.8454,132.4461,True,False,0
133.289,132.4259,True,False,0
133.1328,132.5381,True,False,0
133.0281,132.6061,True,False,0
133.0352,132.7173,True,False,0
133.3976,132.6364,True,False,0
133.3126,132.6595,True,False,0
132.9173,132.769,True,False,0
133.0715,132.7455,True,False,0
133.0988,132.7647,True,False,0
132.9128,132.942,True,False,0
132.8102,132.8624,True,False,0
132.6803,132.8569,True,False,0
132.8336,132.8978,True,False,0
132.9345,133.0095,True,False,0
132.7536,133.0002,True,False,0
132.7374,133.0103,True,False,0
132.9518,132.9651,True,False,0
132.8851,132.9656,True,False,0
132.605,133.0088,True,False,0
132.9737,132.8607,True,False,0
132.9454,132.8761,True,False,0
132.9652,132.8906,True,False,0
132.6806,132.9765,True,False,0
133.0463,132.9198,True,False,0
132.884,133.0393,True,False,0
132.5334,133.0855,True,False,0
132.7198,133.0542,True,False,0
132.7554,133.0478,True,False,0
132.6873,132.9942,True,False,0
132.5414,132.953,True,False,0
132.5917,133.0181,True,False,0
132.8228,132.9825,True,False,0
132.9207,132.9683,True,False,0
132.853,133.0083,True,False,0
132.6423,133.1358,True,False,0
132.6912,133.1192,True,False,0
132.644,133.0842,True,False,0
132.6209,133.1268,True,False,0
132.6677,133.1044,True,False,0
132.5909,133.102,True,False,0
132.614,133.1588,True,False,0
132.7365,133.0879,True,False,0
132.6789,133.1079,True,False,0
132.6629,133.194,True,False,0
133.3189,133.3581,True,False,0
134.6794,133.6373,True,False,0
137.2225,134.022,True,False,0
140.2105,135.0606,True,False,0
143.5132,134.6521,True,False,0
145.6035,133.923,True,False,0
145.9094,133.3314,True,False,0
146.1134,132.6672,True,False,0
146.1781,132.7303,True,False,0
146.4539,132.9421,False,False,0
147.3669,132.6852,False,False,0
147.9353,131.6322,False,False,0
147.5763,130.2695,False,False,0
146.7556,128.759,False,False,0
145.7834,127.4603,False,False,0
144.7097,124.956,False,False,0
142.739,123.9678,False,False,0
140.8282,123.5792,False,False,0
139.9663,123.9397,False,False,0
139.7477,124.5709,False,False,0
139.7754,125.2186,False,False,0
139.6617,125.1068,False,False,0
139.5463,125.0877,False,False,0
139.4089,125.1239,False,False,0
139.503,125.1337,False,False,0
139.5078,125.2779,False,False,0
139.5038,125.298,False,False,0
139.4559,125.2496,False,False,0
139.4164,125.14,False,False,0
139.3526,125.2154,False,False,0
139.3097,125.2959,False,False,0
139.3822,125.2705,False,False,0
139.3367,125.4313,False,False,0
139.2474,125.2008,False,False,0
139.293,125.1936,False,False,0
139.1987,125.1891,False,False,0
139.2603,125.3239,False,False,0
139.271,125.2176,False,False,0
139.2298,125.234,False,False,0
139.2682,125.3251,False,False,0
139.2752,125.2237,False,False,0
139.2619,125.5332,False,False,0
139.1665,125.4033,False,False,0
139.1117,125.3792,False,False,0
139.1483,125.5643,False,False,0
139.1566,125.2963,False,False,0
139.121,125.3194,False,False,0
139.1147,125.3203,False,False,0
139.2124,125.2993,False,False,0
139.1652,125.2768,False,False,0
139.0914,125.4516,False,False,0
139.1351,125.3783,False,False,0
139.1491,125.2315,False,False,0
139.1446,125.3814,False,False,0
139.1653,125.2581,False,False,0
139.0981,125.1707,False,False,0
139.1219,125.4752,False,False,0
139.1457,125.3725,False,False,0
139.094,125.2232,False,False,0
139.1293,125.4822,False,False,0
139.1248,125.3922,False,False,0
139.1013,125.2871,False,False,0
139.1774,125.5483,False,False,0
139.1454,125.4578,False,False,0
139.1305,125.4422,False,False,0
139.1367,125.4984,False,False,0
139.1448,125.5264,False,False,0
139.1609,125.3706,False,False,0
139.1535,125.3536,False,False,0
139.2611,125.5848,False,False,0
139.195,125.4397,False,False,0
139.1184,125.403,False,False,0
139.1539,125.4791,False,False,0
139.1487,125.3728,False,False,0
139.1409,125.4176,False,False,0
139.146,125.445,False,False,0
139.1405,125.3465,False,False,0
139.1789,125.4022,False,False,0
139.1583,125.5378,False,False,0
139.1401,125.4571,False,False,0
139.1206,125.4178,False,False,0
139.0976,125.4243,False,False,0
139.1318,125.482,False,False,0
139.1284,125.4284,False,False,0
139.1143,125.3455,False,False,0
139.0639,125.4225,False,False,0
139.1044,125.4457,False,False,0
139.1196,125.566,False,False,0
139.1144,125.3702,False,False,0
139.0818,125.4496,False,False,0
139.1295,125.5699,False,False,0
139.0832,125.4178,False,False,0
139.1057,125.4128,False,False,0
139.1711,125.5041,False,False,0
139.1057,125.3815,False,False,0
139.1017,125.3261,False,False,0
139.1067,125.4163,False,False,0
139.118,125.3711,False,False,0
139.1057,125.3184,False,False,0
139.0797,125.4953,False,False,0
139.1504,125.4287,False,False,0
139.1054,125.3046,False,False,0
139.1004,125.4294,False,False,0
139.1408,125.4533,False,False,0
139.1281,125.3446,False,False,0
139.1026,125.4633,False,False,0
139.082,125.3542,False,False,0
139.1022,125.2419,False,False,0
139.1044,125.3427,False,False,0
139.0757,125.3294,False,False,0
139.0876,125.2788,False,False,0
139.0736,125.3306,False,False,0
139.0822,125.361,False,False,0
139.0513,125.1142,False,False,0
139.0594,125.2607,False,False,0
139.0968,125.3457,False,False,0
139.1048,125.2163,False,False,0
139.0494,125.2464,False,False,0
139.0498,125.3147,False,False,0
139.0741,125.2425,False,False,0
139.073,125.1872,False,False,0
139.043,125.2492,False,False,0
139.1372,125.2443,False,False,0
139.1516,125.4313,False,False,0
139.1483,125.446,False,False,0
139.1333,125.3259,False,False,0
139.1283,125.3333,False,False,0
139.1872,125.486,False,False,0
139.147,125.3283,False,False,0
139.1326,125.4172,False,False,0
139.1078,125.4372,False,False,0
139.1314,125.3559,False,False,0
139.1319,125.3129,False,False,0
139.1449,125.4493,False,False,0
139.2038,125.414,False,False,0
139.1637,125.3076,False,False,0
139.1987,125.3533,False,False,0
139.2008,125.2767,False,False,0
139.1982,125.2399,False,False,0
139.1867,125.3765,False,False,0
139.1805,125.2185,False,False,0
139.1502,125.143,False,False,0
139.1484,125.2754,False,False,0
139.2081,125.3497,False,False,0
139.1808,125.2583,False,False,0
139.1814,125.4573,False,False,0
139.1766,125.3564,False,False,0
139.1686,125.1727,False,False,0
139.2025,125.3424,False,False,0
139.2303,125.3759,False,False,0
139.1911,125.2756,False,False,0
139.1845,125.3954,False,False,0
139.1902,125.4096,False,False,0
139.1896,125.1558,False,False,0
139.1274,125.2399,False,False,0
139.2029,125.2418,False,False,0
139.1556,125.2951,False,False,0
139.1867,125.3069,False,False,0
139.1794,125.3048,False,False,0
139.2299,125.2735,False,False,0
139.2003,125.2923,False,False,0
139.1824,125.4761,False,False,0
139.1957,125.4483,False,False,0
139.1876,125.3978,False,False,0
139.2029,125.4687,False,False,0
139.2146,125.3337,False,False,0
139.2045,125.3366,False,False,0
139.2256,125.5143,False,False,0
139.1774,125.3155,False,False,0
139.1785,125.3038,False,False,0
139.1663,125.4037,False,False,0
139.1875,125.3415,False,False,0
139.1322,125.2518,False,False,0
139.1836,125.4233,False,False,0
139.1631,125.4165,False,False,0
139.1802,125.3833,False,False,0
139.1484,125.3961,False,False,0
139.1681,125.2703,False,False,0
139.1288,125.2692,False,False,0
139.1632,125.512,False,False,0
139.1572,125.4037,False,False,0
139.1602,125.2756,False,False,0
139.1304,125.2839,False,False,0
139.1141,125.3231,False,False,0
139.1462,125.3307,False,False,0
139.1156,125.392,False,False,0
139.1601,125.4549,False,False,0
139.1549,125.4106,False,False,0
139.1674,125.4766,False,False,0
139.1247,125.4674,False,False,0
139.1076,125.156,False,False,0
139.0883,125.2457,False,False,0
139.114,125.0768,False,False,0
139.1137,125.0644,False,False,0
139.2054,125.4488,False,False,0
139.1334,125.3568,False,False,0
139.1287,125.0864,False,False,0
139.1095,125.1489,False,False,0
139.1509,125.1799,False,False,0
139.1146,125.1189,False,False,0
139.1942,125.4219,False,False,0
139.1149,125.2136,False,False,0
139.1336,125.1774,False,False,0
139.152,125.2448,False,False,0
139.2034,125.4758,False,False,0
139.102,125.189,False,False,0
139.1519,125.2942,False,False,0
139.1957,125.4391,False,False,0
139.1883,125.351,False,False,0
139.188,125.4289,False,False,0
139.1686,125.4712,False,False,0
139.1773,125.3935,False,False,0
139.146,125.2602,False,False,0
139.0831,125.3333,False,False,0
139.1881,125.2479,False,False,0
139.1507,125.1055,False,False,0
139.2341,125.2613,False,False,0
139.3369,125.2881,False,False,0
138.9396,125.8697,False,False,0
138.7424,126.253,False,False,0
139.088,125.5633,False,False,0
139.6006,125.1281,False,False,0
139.8865,125.0259,False,False,0
140.4013,124.8117,False,False,0
140.4294,124.9868,False,False,0
140.1903,124.9973,False,False,0
140.2225,125.1132,False,False,0
140.3443,124.5846,False,False,0
140.3334,124.8406,False,False,0
140.4404,124.7469,False,False,0
140.4603,124.6344,False,False,0
140.3055,124.7189,False,False,0
140.3703,124.6665,False,False,0
140.3748,124.5843,False,False,0
140.1703,124.5996,False,False,0
140.3571,124.6006,False,False,0
140.4161,124.4866,False,False,0
140.2546,124.7787,False,False,0
140.3931,124.6316,False,False,0
140.4059,124.3951,False,False,0
140.3652,124.417,False,False,0
140.2754,124.7114,False,False,0
140.3086,124.5167,False,False,0
140.2948,124.5265,False,False,0
140.2828,124.6806,False,False,0
140.3862,124.3988,False,False,0
140.3443,124.3872,False,False,0
140.2833,124.6418,False,False,0
140.3306,124.4638,False,False,0
140.3254,124.533,False,False,0
140.309,124.5142,False,False,0
140.2975,124.4302,False,False,0
140.2765,124.474,False,False,0
140.2311,124.6456,False,False,0
140.2872,124.346,False,False,0
140.274,124.4427,False,False,0
140.2267,124.5802,False,False,0
140.342,124.2652,False,False,0
140.3244,124.313,False,False,0
140.232,124.571,False,False,0
140.2565,124.2872,False,False,0
140.3075,124.1353,False,False,0
140.2819,124.4667,False,False,0
140.2843,124.3608,False,False,0
140.3428,124.1054,False,False,0
140.2629,124.46,False,False,0
140.3044,124.5148,False,False,0
140.4098,124.1559,False,False,0
140.2673,124.3055,False,False,0
140.3712,124.4266,False,False,0
140.3359,124.3493,False,False,0
140.3366,124.2926,False,False,0
140.3396,124.2134,False,False,0
140.3824,124.2779,False,False,0
140.3187,124.5009,False,False,0
140.3396,124.4173,False,False,0
140.4077,124.2142,False,False,0
140.4348,124.4712,False,False,0
141.1194,123.9121,False,False,0
142.5745,123.6469,False,False,0
143.6386,122.4714,False,False,0
144.3188,121.8332,False,False,0
145.2172,120.3616,False,False,0
146.9641,121.4099,False,False,0
148.9272,122.3028,False,False,0
149.7817,121.917,False,False,0
283.53,35.78743,False,False,0
287.9926,37.36963,False,False,0
308.2611,37.67623,False,False,0
154.1994,118.7987,False,False,0
155.8534,116.0769,False,False,0
155.0103,115.9536,False,False,0
155.3001,115.822,False,False,0
155.4272,116.4055,False,False,0
155.2674,117.0546,False,False,0
154.5712,117.9221,False,False,0
153.8203,118.6446,False,False,0
151.3853,120.7043,False,False,0
147.8786,123.435,False,False,0
143.9706,125.8888,False,False,0
140.8701,127.5192,False,False,0
138.5489,129.3796,False,False,0
137.2962,130.924,True,False,0
136.6135,132.1584,True,False,0
136.2966,132.7654,True,False,0
135.9622,133.301,True,False,0
135.8932,133.2769,True,False,0
135.8941,132.4722,True,False,0
134.1665,132.3581,True,False,0
132.5481,131.8643,True,False,0
131.2478,131.0543,True,False,0
130.3962,130.4786,True,False,0
129.1704,129.037,True,False,0
129.822,129.4682,True,False,0
128.0197,130.1523,True,False,0
125.0723,129.2198,True,False,0
125.4265,130.9619,True,False,0
124.6746,131.7308,True,False,0
123.7848,133.1152,True,False,0
123.4883,134.8473,True,False,0
122.8943,137.8485,True,False,0
122.4246,140.9377,True,False,0
121.1645,143.6158,True,False,0
119.59,147.1945,True,False,0
117.0423,150.2211,True,False,0
115.1595,152.1783,True,False,0
113.9291,154.2874,True,False,0
113.5488,155.102,False,False,0
112.769,156.5355,False,False,0
111.2006,159.3569,False,False,0
108.1493,163.4762,False,False,0
103.567,168.395,False,False,0
97.61829,174.7417,False,False,0
92.05141,180.997,False,False,0
86.74275,186.6396,False,False,0
81.31191,190.8173,False,False,0
75.97066,194.6628,False,False,0
70.33797,198.1595,False,False,0
66.71239,201.379,False,False,0
64.5442,204.6103,False,False,0
63.24543,208.1867,False,False,0
63.40606,209.7096,False,False,0
64.41116,211.5188,False,False,0
64.88892,212.1633,False,False,0
64.94599,213.3663,False,False,0
65.03091,214.1476,False,False,0
64.86864,214.6506,False,False,0
64.27077,215.5117,False,False,0
63.49882,216.7481,False,False,0
63.25489,217.7255,False,False,0
63.72552,217.6418,False,False,0
63.6069,217.7078,False,False,0
63.24401,217.491,False,False,0
63.31804,218.1005,False,False,0
63.37542,218.543,False,False,0
63.2107,218.8368,False,False,0
63.16841,219.834,False,False,0
61.42525,219.7209,False,False,0
60.5259,220.4364,False,False,0
60.04339,221.0676,False,False,0
58.86433,221.5871,False,False,0
57.53022,220.4303,False,False,0
57.06498,219.4795,False,False,0
56.55691,219.1783,False,False,0
56.0677,219.1655,False,False,0
55.72915,218.8405,False,False,0
55.57467,219.0046,False,False,0
55.97932,219.2845,False,False,0
56.09954,218.9204,False,False,0
56.80136,218.9595,False,False,0
56.91948,218.7954,False,False,0
57.31516,218.8751,False,False,0
57.46979,218.6457,False,False,0
57.21481,218.95,False,False,0
56.33684,219.6992,False,False,0
55.55591,220.3761,False,False,0
54.84026,220.7486,False,False,0
54.81033,221.4695,False,False,0
54.72833,221.659,False,False,0
54.99701,221.9858,False,False,0
54.8047,221.9096,False,False,0
54.97097,221.9818,False,False,0
54.68073,221.6718,False,False,0
54.76974,220.8755,False,False,0
54.34774,220.5096,False,False,0
54.08894,220.3915,False,False,0
54.15564,220.7033,False,False,0
54.48429,221.2584,False,False,0
54.5465,221.548,False,False,0
54.5821,221.6526,False,False,0
54.92632,221.7014,False,False,0
54.99844,221.557,False,False,0
55.16098,221.4886,False,False,0
55.17377,221.4717,False,False,0
55.12663,221.4202,False,False,0
55.28994,221.4306,False,False,0
55.19352,221.3582,False,False,0
55.05915,221.1652,False,False,0
55.2194,221.2277,False,False,0
55.25743,221.2318,False,False,0
55.13883,221.0759,False,False,0
55.29626,221.1559,False,False,0
55.30092,221.2252,False,False,0
55.25447,221.0997,False,False,0
55.28051,221.0739,False,False,0
55.3324,221.154,False,False,0
55.28052,221.0626,False,False,0
55.32836,221.0585,False,False,0
55.35197,221.1262,False,False,0
55.39312,221.0842,False,False,0
55.30761,221.028,False,False,0
55.40618,221.0578,False,False,0
55.37486,220.9576,False,False,0
55.28724,220.9713,False,False,0
55.36235,221.0194,False,False,0
55.28067,220.9578,False,False,0
55.29774,220.9475,False,False,0
55.40657,221.0331,False,False,0
55.4034,220.9707,False,False,0
55.26306,220.8671,False,False,0
55.42475,221.0013,False,False,0
55.38566,220.982,False,False,0
55.35995,220.9133,False,False,0
55.4983,221.0382,False,False,0
55.42256,220.9117,False,False,0
55.39303,220.858,False,False,0
55.20713,220.5915,False,False,0
55.19832,220.5202,False,False,0
55.01688,220.4193,False,False,0
55.17277,220.8215,False,False,0
54.81202,220.7035,False,False,0
54.55968,220.5114,False,False,0
54.83716,220.7796,False,False,0
55.06932,220.824,False,False,0
54.99227,220.7052,False,False,0
54.78128,220.7376,False,False,0
54.86552,220.8069,False,False,0
54.52575,220.5844,False,False,0
54.61715,220.9094,False,False,0
54.34254,220.8641,False,False,0
54.07862,220.9202,False,False,0
54.23379,220.877,False,False,0
54.29334,221.1716,False,False,0
54.03615,221.8793,False,False,0
53.18684,222.7057,False,False,0
52.86229,223.4575,False,False,0
52.88952,223.9915,False,False,0
53.17262,224.1155,False,False,0
53.22071,224.149,False,False,0
53.19451,224.1251,False,False,0
53.3844,224.0948,False,False,0
53.52609,224.0732,False,False,0
53.66587,224.02,False,False,0
53.79815,223.8712,False,False,0
53.93982,223.8396,False,False,0
53.87251,223.7093,False,False,0
53.93942,223.6749,False,False,0
54.00051,223.7932,False,False,0
53.87958,223.6813,False,False,0
53.97692,223.6423,False,False,0
54.24123,223.7368,False,False,0
54.20464,223.6236,False,False,0
54.07468,223.534,False,False,0
54.15904,223.5662,False,False,0
54.13694,223.6189,False,False,0
54.04107,223.6267,False,False,0
54.31123,223.7573,False,False,0
54.08454,223.5287,False,False,0
54.09024,223.5085,False,False,0
54.1459,223.5589,False,False,0
54.09779,223.5422,False,False,0
53.9399,223.4499,False,False,0
54.06337,223.5138,False,False,0
54.10878,223.5108,False,False,0
54.18389,223.4739,False,False,0
54.10807,223.5057,False,False,0
54.18521,223.5915,False,False,0
54.00233,223.4413,False,False,0
54.13117,223.5005,False,False,0
54.19537,223.5072,False,False,0
53.96908,223.3818,False,False,0
53.98923,223.4408,False,False,0
54.12414,223.4905,False,False,0
54.11826,223.4691,False,False,0
54.06802,223.4369,False,False,0
54.09384,223.4058,False,False,0
53.99779,223.4003,False,False,0
54.22734,223.4778,False,False,0
54.23733,223.4315,False,False,0
54.20661,223.4137,False,False,0
54.12128,223.3759,False,False,0
54.20749,223.3746,False,False,0
54.15878,223.3796,False,False,0
54.09378,223.3545,False,False,0
54.23112,223.4504,False,False,0
54.22514,223.4453,False,False,0
54.07842,223.3033,False,False,0
54.2714,223.4343,False,False,0
54.05611,223.3111,False,False,0
54.0878,223.3544,True,False,0
54.26094,223.4294,True,False,0
54.1166,223.3244,False,False,0
54.09034,223.3313,False,False,0
54.2611,223.4816,True,False,0
54.21443,223.4563,True,False,0
54.01686,223.2758,False,False,0
107.3429,119.3494,False,False,0
112.3437,121.0423,False,False,0
109.3368,128.528,False,False,0
124.0185,113.8567,False,False,0
126.8737,115.063,False,False,0
108.5236,145.4957,False,False,0
100.1516,155.6946,False,False,0
116.1028,142.3482,False,False,0
120.3203,138.8731,False,False,0
99.07628,159.4664,False,False,0
125.2587,135.9682,False,False,0
123.7977,139.7703,False,False,0
132.9534,132.7212,False,False,0
141.5129,107.563,False,False,0
141.6865,99.62617,False,False,0
135.0038,102.2041,False,False,0
136.0748,101.7981,False,False,0
141.086,101.302,False,False,0
134.3653,113.2234,False,False,0
134.6864,112.5314,False,True,0
139.7712,105.9377,False,True,0
139.0657,107.119,True,True,0
134.4135,117.7139,False,True,0
143.0179,116.3668,False,True,0
148.7415,120.9679,False,True,0
153.336,132.7306,False,True,0
163.8213,135.9451,False,True,0
173.976,138.4403,False,True,0
181.912,143.3785,False,True,0
214.3743,155.5212,False,True,0
198.4801,144.812,False,True,0
205.036,149.356,False,True,0
221.5544,152.608,False,True,0
223.1485,157.2488,False,True,0
221.2348,145.4718,False,True,0
223.2619,141.7017,False,True,0
229.1194,144.7001,False,False,0
236.4167,128.4665,False,False,0
234.9427,133.585,False,False,0
302.7886,133.2986,False,False,0
303.7691,131.8195,False,False,0
306.2076,132.3432,False,False,0
295.5039,109.0284,False,False,0
301.552,107.9511,False,False,0
309.7505,107.9976,False,False,0
314.7255,113.1973,False,False,0
322.1776,110.3729,False,False,0
323.9841,129.7672,False,False,0
318.9233,138.8139,False,False,0
312.5159,140.7374,False,False,0
310.8708,141.7679,False,False,0
311.0891,143.7696,False,False,0
309.3804,144.4288,False,False,0
290.7609,131.2391,False,False,0
274.2194,121.9666,False,False,0
266.4857,117.911,False,False,0
259.613,117.3271,False,False,0
246.3594,114.9311,False,False,0
227.0738,110.3637,False,False,0
205.731,104.6233,False,False,0
186.0035,100.1151,False,False,0
166.1261,95.69013,True,False,0
153.0578,90.30293,True,False,0
144.1387,84.02782,True,False,0
137.9303,77.474,True,False,0
131.0386,70.52668,True,False,0
324.2479,39.45562,True,False,0
111.9006,58.01838,True,False,0
101.551,52.24916,True,False,0
88.48481,47.75515,True,False,0
76.40804,47.33089,True,False,0
188.345,69.77385,True,False,0
172.4573,60.13046,True,False,0
162.0535,40.90089,True,False,0
149.8369,27.80651,False,False,0
131.5376,21.58418,False,False,0
112.9736,21.8946,False,False,0
91.69871,30.90178,True,False,0
58.18821,60.98687,True,False,0
37.58505,86.14973,True,False,0
43.58725,67.74831,True,False,0
42.13002,66.80737,True,False,0
42.41728,66.27396,True,False,0
